Date,KPI_Total_Sales,KPI_TotalSearch_queries,Dummy_Winter_Olympics,Dummy_News_Event_Search_Yeezy_Boost_350_V2_Black,Dummy_News_Event_Search_Harden_Vol_4,Dummy_News_Event_Search_Harden_Stepback,Dummy_News_Event_Search_Ultra_Boost_20,Offline_TV_Total_GRPs,Offline_TV_Total_Spends,Competition_Offline_Puma_TVGRPs,Competition_Offline_Nike_TVGRPs,Competition_Offline_Descente_TVGRPs,Competition_Offline_Reebok_TVGRPs,Competition_Offline_Under_Armour_TVGRPs,Competition_Offline_FILA_TVGRPs,Digital_Video_IPTV_Total_Impression,Digital_Video_IPTV_Total_Spend,Offline_OOH_Branding_Spends,Offline_OOH_Product_Spends,Digital_Display_Impression,Digital_Search_Impression,Digital_Social_Impression,Digital_Video_Impression,Digital_Display_Click,Digital_Search_Click,Digital_Social_Click,Digital_Video_Click,Digital_Display_Spend,Digital_Search_Spend,Digital_Social_Spend,Digital_Video_Spend,CRM_Kakao_Message_Total_Sent,CRM_Kakao_Message_Message_Open_#,CRM_Kakao_Message_Spending,CRM_Kakao_Message_Traffic_Conversion,CRM_Kakao_Message_Transactions,PR_Press_Release_#_of_Coverage,PR_Press_Release_Impression,PR_Media_Event_#_of_Coverage,PR_Media_Event_Spend,Consumer_Activation_Total,Consumer Activation_Total_Spend,Macro_#_of_Rainy_Days,Macro_Rainfall_mm,Macro_PM_10,Macro_PM_2.5,Macro_COVID_Shincheonji,Macro_COVID_Other,Macro_COVID_Seoul_night_club_issue,Macro_Covid_Ban_Period,Holiday_Lunar_New_Year,Holiday_Independent_Movement_Day,Holiday_Children_Day,Holiday_Buddha_Birthday,Holiday_Memorial_Day,Holiday_Local_Elections,Holiday_Independent_Day,Holiday_Chuseok,Holiday_National_Foundation_Day,Holiday_Hangul_Proclamation_Day,Holiday_Christmas_Day,Holiday_Pre_Christmas_Day,Holiday_New_Year,Holiday_National_Election_Day,Holiday_Labor_Day,Dummy_Adidas Low consumption period,Dummy_July,Dummy_Nov,Influencer_All_Branding_#_of_Influencer,Influencer_All_Branding_Spend
12-30-2018,13152442794,63,0,0,0,0,0,0,0,0,0,0,26.9,0,0,0,0,0,0,64288429,32862447.05,3535300,1191742,222106,696521,47188,2165,19535355.07,35817694.77,7003974.667,4430094.69,150166.2903,12084.51613,2252494.355,1926.612903,1363.548387,159,53212442,0,0,0,19053421,1,0.1,49.9,28.7,0,0,0,0,0,0,0,0,0,0,0,0,0,0,0,0,1,0,0,0,0,0,0,0
01-06-2019,15207707736,65,0,0,0,0,0,0,0,0,0,0,0,0,0,0,0,0,0,98483305,54179539.11,15389513,2192624,337952,907438,185232,5429,53977154.35,53308579.85,59276538.11,11412670.33,210232.8065,16918.32258,3153492.097,2697.258065,1908.967742,3,1654919,0,0,0,24250681,1.2,3.1,56.9,34.8,0,0,0,0,0,0,0,0,0,0,0,0,0,0,0,0,0,0,0,0,0,0,0,0
01-13-2019,15207707736,61,0,0,0,0,0,0,0,0,0,0,0,0,0,0,0,0,0,102121510,64786707.1,11329421,2638513,398561,834364,197373,6370,65091280.76,56118871.03,48908934.22,15015452.65,210232.8065,16918.32258,3153492.097,2697.258065,1908.967742,0,0,0,0,0,24250681,1.2,0.7,81.5,54,0,0,0,0,0,0,0,0,0,0,0,0,0,0,0,0,0,0,0,0,0,0,0,0
01-20-2019,15207707736,77,0,0,0,0,0,0,0,0,0,0,0,0,0,0,0,0,0,83498720,73590943.1,14058904,2824099,388833,968419,184871,6372,45781421.64,58482538.09,59036293.44,14406451.68,210232.8065,16918.32258,3153492.097,2697.258065,1908.967742,23,7515000,0,0,0,24250681,1,0.3,52.8,27.2,0,0,0,0,0,0,0,0,0,0,0,0,0,0,0,0,0,0,0,0,0,0,0,0
01-27-2019,15427886954,53,0,0,0,0,0,0,0,0,57.6,0,0,0,0,0,0,0,0,154746008,86766413.11,32394901,4767857,394555,903376,503098,12070,41124119.27,56439554.93,122396377.2,22242914.47,211809.7189,17611.73041,3677025.783,3582.898618,2284.476959,65,20500000,0,0,0,24250681,1,6.1,58.2,34.4,0,0,0,0,0,0,0,0,0,0,0,0,0,0,0,0,0,0,0,0,0,0,0,0
02-03-2019,15978335000,56,0,0,0,0,0,0,0,0,56,0,0,0,0,0,0,0,0,103625506,56135441.11,37462809,7748831,222449,1055466,669099,21493,31939411.12,56166439.88,128879505.3,34308268.47,215752,19345.25,4985860,5797,3223.25,74,19900200,0,0,0,24250681,1.1,16.4,59.4,25.5,0,0,0,0,1,0,0,0,0,0,0,0,0,0,0,0,0,0,0,0,0,0,0,0
02-10-2019,15978335000,53,0,0,0,0,0,0,0,0,10.4,0,0,0,0,0,0,0,0,100531721,53801959.03,30983603,8449430,206510,517797,368163,15459,39431296.82,54919913.83,107731952.7,35753907.9,215752,19345.25,4985860,5797,3223.25,17,5780000,0,0,0,24250681,1.6,1.9,47.5,29.7,0,0,0,0,0,0,0,0,0,0,0,0,0,0,0,0,0,0,0,0,0,0,0,0
02-17-2019,15978335000,68,0,0,0,0,0,0,0,0,2.3,0,0,0,0,0,0,0,0,103631422,52824167,27177456,9440342,204525,257828,198275,18687,38948292.24,52859248.18,88311664.22,43917180.25,215752,19345.25,4985860,5797,3223.25,51,17035000,0,0,0,24250681,1.3,17.7,55.2,40.7,0,0,0,0,0,0,0,0,0,0,0,0,0,0,0,0,0,0,0,0,0,0,0,0
02-24-2019,15983844651,71,0,0,0,0,0,6.34,92715287.02,0,0.4,0,0,0,0,0,0,0,0,90453418,29435952,30891026,7654821,175659,226247,371839,22556,28466708.19,52556601.7,103215692.7,41803212.76,209827.2166,20064.48733,4848134.055,5964.004608,3241.160138,3,90000,0,0,0,24250681,1.3,0.4,59.4,36.5,0,0,0,0,0,1,0,0,0,0,0,0,0,0,0,0,0,0,0,0,0,0,0,0
03-03-2019,15997618778,79,0,0,0,0,0,20.86,172616862.8,0,0.6,0,0,0,0,0,0,0,0,80558590,11215668,20224987,11649701,390185,176127,388660,50629,57561370.23,44110715.06,94083793.22,34665534.59,195015.2581,21862.58065,4503819.194,6381.516129,3285.935484,83,27624000,0,0,0,24250681,1.7,1.4,94,65,0,0,0,0,0,0,0,0,0,0,0,0,0,0,0,0,0,0,0,0,0,0,0,0
03-10-2019,15997618778,70,0,0,0,0,0,22.22,226397062.7,0,0.3,4.5,0,0,0,0,0,0,0,131006089,11280673,23987669,15132340,742693,176498,593847,63091,76353176.2,48490764.7,123638862.1,41076318.61,195015.2581,21862.58065,4503819.194,6381.516129,3285.935484,0,0,0,0,0,24250681,3,12.5,46,25.4,0,0,0,0,0,0,0,0,0,0,0,0,0,0,0,0,0,0,0,0,0,0,0,0
03-17-2019,15997618778,72,0,0,0,0,0,24.14,163847701,0,0,12,0,0,0,0,0,0,0,138067200,13771599,25260029,9978294,552210,195684,594668,36053,62416345.82,50962304.7,129226119.6,25956679.91,195015.2581,21862.58065,4503819.194,6381.516129,3285.935484,21,7175000,0,0,0,24250681,2.4,21.2,45.4,27,0,0,0,0,0,0,0,0,0,0,0,0,0,0,0,0,0,0,0,0,0,0,0,0
03-24-2019,15997618778,70,0,0,0,0,0,7.28,95307446.97,0,0,24.8,0,0,0,0,0,0,0,141059060,14302818,16588142,8544286,256290,181742,360954,116763,56946593.3,46351549.55,81690225.11,26124001.66,195015.2581,21862.58065,4503819.194,6381.516129,3285.935484,15,4795000,0,0,60000000,84250681,1,2.8,53.2,30.1,0,0,0,0,0,0,0,0,0,0,0,0,0,0,0,0,0,0,0,0,0,0,0,0
03-31-2019,11123661920,66,0,0,0,0,0,2.89,68957340.4,0,0,24.9,0,0,0,0,0,0,0,105858718,16690688,14212180,5328251,220904,193193,120046,120502,29068728.07,50947372.49,39354971.45,28735911.68,212281.7226,30584.42581,6299440.942,11476.04516,4968.019355,65,21809000,0,0,0,24250681,1,0.8,52.2,29.5,0,0,0,0,0,0,0,0,0,0,0,0,0,0,0,0,0,0,0,1,0,0,0,0
04-07-2019,10311335777,68,0,0,0,0,0,2.36,60422676.53,0,0,23.5,0,8.5,0,1056283,10835109,0,0,191102944,20726671,23052013,6469039,523805,210611,267665,29543,62948193.67,55679160.42,100737448.4,41918973.07,215159.4667,32038.06667,6598711.233,12325.13333,5248.366667,23,10929000,0,0,455750000,480000681,2.9,30.2,37.1,18.6,0,0,0,0,0,0,0,0,0,0,0,0,0,0,0,0,0,0,0,1,0,0,0,0
04-14-2019,10311335777,68,0,0,0,0,0,3.11,97516618.59,0,0,15.1,0,9,0,1649420,11280093,0,0,162202183,22896472,11947843,3587366,421860,211716,227318,2741,45801836.06,60222523.24,58397989.56,19541888.73,215159.4667,32038.06667,6598711.233,12325.13333,5248.366667,0,0,0,0,235250000,259500681,1.6,1.5,46.6,20.6,0,0,0,0,0,0,0,0,0,0,0,0,0,0,0,0,0,0,0,1,0,0,0,0
04-21-2019,10311335777,78,0,0,0,0,0,3.17,72984604.29,0,0,4.8,0,10.3,0,2480357,20741539,0,0,162177706,22151781,14496873,3669728,627195,222575,255849,1267,50153930.95,64018059.82,52104946.44,25145441.49,215159.4667,32038.06667,6598711.233,12325.13333,5248.366667,105,36066760,0,0,0,24250681,3.9,21.5,42.2,22,0,0,0,0,0,0,0,0,0,0,0,0,0,0,0,0,0,0,0,1,0,0,0,0
04-28-2019,9562453460,85,0,0,0,0,0,0.74,101347908.6,0,0,4.7,0,10.6,0,1143155,7143259,0,0,198677624,17877000,13189183,1555384,671903,206316,227962,421,47026607.04,63200653.46,54637339.78,8740022.75,211505.3935,32890.85806,6227903.616,10994.2,6409.558065,38,11640000,0,0,0,24250681,2,31.2,46,22.6,0,0,0,0,0,0,0,0,0,0,0,0,0,0,0,0,0,0,1,1,0,0,0,0
05-05-2019,9000791722,85,0,0,0,0,0,0,0,0,0,13,0,9.7,0,0,0,0,0,181682843,18045271,20007829,214618,1021611,199156,205136,693,84088963.32,65112306.06,82816040.89,1833876.628,208764.8387,33530.45161,5949797.903,9996,7280.451613,36,12240000,0,0,0,24250681,0,0,52.3,24.4,0,0,0,0,0,0,1,0,0,0,0,0,0,0,0,0,0,0,0,1,0,0,0,0
05-12-2019,9000791722,68,0,0,0,0,0,0,0,0,0,6.4,0,7.4,0,0,0,0,0,264666006,16793157,34185004,10447725,1321170,196251,1212713,44711,151699111.9,65750808.34,131101360.3,53466180.26,208764.8387,33530.45161,5949797.903,9996,7280.451613,28,9520000,0,0,0,24250681,1.2,25,49.3,30.1,0,0,0,0,0,0,0,1,0,0,0,0,0,0,0,0,0,0,0,1,0,0,0,0
05-19-2019,9000791722,90,0,0,0,0,0,0,0,0,0,0,0,6.8,0,0,0,0,0,252337366,16492856,15993773,5206285,1603173,202651,294746,22012,140024801.8,52221995.33,100433566.6,27291479.52,208764.8387,33530.45161,5949797.903,9996,7280.451613,9,3060000,0,0,0,24250681,1.9,11.7,53.6,26.4,0,0,0,0,0,0,0,0,0,0,0,0,0,0,0,0,0,0,0,1,0,0,0,0
05-26-2019,9849311069,84,0,0,0,0,0,0,0,0,0,0,0,10.9,0,0,0,0,0,148165553,12429314,22601055,0,723648,155609,198138,0,46159555.08,44499054.63,76329408.11,0,209024.1459,37110.32043,6385868.841,13744.26667,7990.787097,17,5780000,0,0,183689000,207939681,1.9,16.5,41.3,22.7,0,0,0,0,0,0,0,0,0,0,0,0,0,0,0,0,0,0,0,1,0,0,0,0
06-02-2019,14940427155,145,0,1,0,0,0,0,0,0,0,0,0,8.5,0,0,0,0,0,160300775,16477825,24390761,0,343619,299311,313783,0,39328040.38,52214892.15,87073102.33,0,210579.9889,58589.53333,9002294.467,36233.86667,12252.8,116,39440000,0,0,0,131705227,2,40.3,38.6,23.7,0,0,0,0,0,0,0,0,1,0,0,0,0,0,0,0,0,0,0,0,0,0,0,0
06-09-2019,14940427155,59,0,0,0,0,0,0,0,0,0,0,0,7.2,0,0,0,0,0,105374456,14721518,14570378,0,221025,182067,295729,0,27318098.27,47388431.78,54807427.67,0,210579.9889,58589.53333,9002294.467,36233.86667,12252.8,0,0,610,197000000,0,151041696,2,14.8,30.3,18.1,0,0,0,0,0,0,0,0,0,0,0,0,0,0,0,0,0,0,0,0,0,0,0,0
06-16-2019,14940427155,87,0,0,0,0,0,0,0,0,0,0,0,5.7,0,0,0,0,0,98526732,15084837,6114106,0,316528,242076,172927,0,61487655.3,56245887.06,37630465,0,210579.9889,58589.53333,9002294.467,36233.86667,12252.8,0,0,0,0,0,24250681,1.9,6.3,32.7,20.7,0,0,0,0,0,0,0,0,0,0,0,0,0,0,0,0,0,0,0,0,0,0,0,0
06-23-2019,14940427155,70,0,0,0,0,0,0,0,0,0,0,0,30.3,0,0,0,0,0,100937268,14760653,14639610,0,285839,229267,271744,0,89177594.58,57593651.97,69839399.78,0,210579.9889,58589.53333,9002294.467,36233.86667,12252.8,30,140629002,0,0,0,24250681,3,94.6,28.5,17.8,0,0,0,0,0,0,0,0,0,0,0,0,0,0,0,0,0,0,0,0,0,0,0,0
06-30-2019,9369015743,62,0,0,0,0,0,0,0,0,0,0,0,1.7,0,0,0,0,0,74172433,15877436,11435567,0,175025,223817,266622,0,29445567.13,53732694.36,42514364.34,0,211207.2749,28583.35269,6448088.067,18077.81505,5057.367742,0,0,0,0,0,24250681,1.3,3.1,29.9,18.4,0,0,0,0,0,0,0,0,0,0,0,0,0,0,0,0,0,0,0,0,1,0,0,0
07-07-2019,8440447174,76,0,0,0,0,0,0,0,0,0,0,0,0,0,0,0,0,0,130421359,14849886,11354572,0,500824,214253,241780,0,88192056.77,50897074.42,39124020.77,0,211311.8226,23582.32258,6022387,15051.80645,3858.129032,0,0,0,0,0,24250681,2.6,27.3,19.3,10.6,0,0,0,0,0,0,0,0,0,0,0,0,0,0,0,0,0,0,0,0,1,0,0,0
07-14-2019,8440447174,54,0,0,0,0,0,8.21,38289000,0,0,0,0,0,0,0,0,0,0,110623192,14104848,15432714,803986,320096,195551,358976,1956,67635643.45,49821720.22,57955794.56,3077914.63,211311.8226,23582.32258,6022387,15051.80645,3858.129032,81,61253139,0,0,0,24250681,4,103.5,33.4,22.6,0,0,0,0,0,0,0,0,0,0,0,0,0,0,0,0,0,0,0,0,1,0,0,0
07-21-2019,8440447174,72,0,0,0,0,0,21.79,167034598.4,0,0,0,0,0,0,0,0,0,0,99311796,17784825,19735433,2901249,211957,178311,218517,8413,47932045.46,49251649.7,67958952.67,13649994.85,211311.8226,23582.32258,6022387,15051.80645,3858.129032,30,10200000,0,0,0,24250681,3.9,60.8,25.6,14.9,0,0,0,0,0,0,0,0,0,0,0,0,0,0,0,0,0,0,0,0,1,0,0,0
07-28-2019,11133028122,71,0,0,0,0,0,19.41,145120556.8,0,0,0,0,0,0,603508,2347486,0,0,105873379,15896480,26271401,6903496,225875,167889,349874,21367,44576853.76,49594956.26,100194884.1,44556744.7,211425.7258,20735.80645,6074619.226,11320.3871,2810.258065,15,300000,0,0,2179037.333,26429719,2.5,44,25,14.7,0,0,0,0,0,0,0,0,0,0,0,0,0,0,0,0,0,0,0,0,0,0,0,0
08-04-2019,14723136053,59,0,0,0,0,0,27.13,253222842.1,0,0,0,0,0,0,2102368,7153764,0,0,125490755,15884273,24578221,12941353,282293,172958,386753,24457,85877612.5,50244756.26,95744647.78,77668578.4,211577.5968,16940.45161,6144262.194,6345.16129,1413.096774,38,1136138,0,0,155626630.7,179877314,2.2,36.5,32.3,19.9,0,0,0,0,0,0,0,0,0,0,0,0,0,0,0,0,0,0,0,0,0,0,0,0
08-11-2019,14723136053,65,0,0,0,0,0,27.23,223376842.1,0,0,0,0,0,0,2024463,6989088,0,0,142015383,15827595,18606239,14568456,299120,184508,315272,22497,82393989.35,52106605.02,67364628.89,74882224.74,211577.5968,16940.45161,6144262.194,6345.16129,1413.096774,86,35903294,0,0,7626630.667,31877314,3.4,32.8,23.1,12.2,0,0,0,0,0,0,0,0,0,0,1,0,0,0,0,0,0,0,0,0,0,0,0,0
08-18-2019,14723136053,87,0,0,0,0,0,14.62,185596842.1,0,0,0,0,0,0,1949360,6770866,0,0,115551593,14339307,12248604,5415426,230485,183449,239243,6715,47291140.02,50311813.9,40231170.44,24783199.77,211577.5968,16940.45161,6144262.194,6345.16129,1413.096774,0,0,0,0,7626630.667,31877314,2,42,34.4,20.9,0,0,0,0,0,0,0,0,0,0,0,0,0,0,0,0,0,0,0,0,0,0,0,0
08-25-2019,14723136053,64,0,0,0,0,0,8.19,181373242.1,0,0,0,0,0,0,1954708,6738796,0,0,118159900,10641343,10310075,4015658,250828,142140,192569,4646,51083679.74,39421542.68,34595176.22,19957314.77,211577.5968,16940.45161,6144262.194,6345.16129,1413.096774,0,0,0,0,7626630.667,31877314,2.9,28.4,26.4,15,0,0,0,0,0,0,0,0,0,0,0,0,0,0,0,0,0,0,0,0,0,0,0,0
09-01-2019,17050644424,61,0,0,0,0,0,8.87,58947368.42,0,0,0,39.6,0,0,0,0,0,0,155934106,15804571,21885024,5715210,436493,232499,301247,34646,145269742.6,47839668.29,73354020.11,28300347.91,220732.6333,21374.73333,6621979,15077.76667,5267.733333,62,21080000,0,0,467245560,454250681,5.4,61.2,21.5,11,0,0,0,0,0,0,0,0,0,0,0,0,0,0,0,0,0,0,0,0,0,0,0,0
09-08-2019,17050644424,70,0,0,0,0,0,6.34,129289473.7,0,0,0,32.4,0,0,0,0,0,0,122465768,14342978,26340521,8796870,526290,191987,516265,31359,123659439.9,45361866.09,131358055,46663241.02,220732.6333,21374.73333,6621979,15077.76667,5267.733333,27,9180000,0,0,9027333.333,25428159,3.6,37.6,22.8,11.7,0,0,0,0,0,0,0,0,0,0,0,1,0,0,0,0,0,0,0,0,0,0,0,0
09-15-2019,17050644424,116,0,0,1,0,0,0.67,115789473.7,0,0,0,20.3,0,0,0,0,0,0,184846909,17787361,20161462,11400226,756044,267173,377407,37436,205746776.8,51577760.16,99357047.45,63965779.11,220732.6333,21374.73333,6621979,15077.76667,5267.733333,142,48280000,148,400000000,18054666.67,382493027,1.2,43.5,24.8,10.5,0,0,0,0,0,0,0,0,0,0,0,0,0,0,0,0,0,0,0,0,0,0,0,0
09-22-2019,17050644424,116,0,0,1,0,0,1.05,115789473.7,0,0,0,19.3,0,0,0,0,0,0,153149387,17438441,13784080,4953177,475964,255441,320803,18891,137629588.8,50643090.14,60572747.89,32253550.53,220732.6333,21374.73333,6621979,15077.76667,5267.733333,38,99872665,0,0,0,82493027,2.5,90.5,24.2,13.2,0,0,0,0,0,0,0,0,0,0,0,0,0,0,0,0,0,0,0,0,0,0,4.714285714,0
09-29-2019,14786359510,67,0,0,0,0,0,0.07,57894736.84,0,0,0,5,0,0,0,0,0,0,128549231,18784503,18849296,1847989,345332,208605,348655,5996,96086252.17,49146381.25,65700793.22,14100046.99,216915.0957,23072.71183,6507452.871,14703.4172,3173.292473,59,22928322,0,0,0,32493027,3.1,100.9,38.2,44.9,0,0,0,0,0,0,0,0,0,0,0,0,1,0,0,0,0,0,0,0,0,0,6.285714286,0
10-06-2019,13880645544,67,0,0,0,0,0,0,0,0,0,0,0,0,0,0,0,0,7642500,123735956,18348267,20246139,6074613,442885,209156,325802,12765,84032015.03,49708388.64,73242147.11,31602357.46,215388.0806,23751.90323,6461642.419,14553.67742,2335.516129,29,9860000,613,352890000,0,378318159,1.1,9.9,26.6,12.4,0,0,0,0,0,0,0,0,0,0,0,0,0,1,0,0,0,0,0,0,0,0,0,0
10-13-2019,13880645544,66,0,0,0,0,0,0,0,0,0,0,0,0,0,0,0,0,17832500,167266119,17963408,12058874,9010252,969576,201251,253150,16131,186093295.2,47254314.28,41237392.44,40597976.79,215388.0806,23751.90323,6461642.419,14553.67742,2335.516129,0,0,0,0,0,24250681,1.8,17.7,28.4,13.6,0,0,0,0,0,0,0,0,0,0,0,0,0,0,0,0,0,0,0,0,0,0,0,0
10-20-2019,13880645544,62,0,0,0,0,0,0,0,0,0,0,0,0,0,0,0,0,17832500,45247367,15888273,10231759,4992499,145560,181260,253334,7828,31977426.42,44345790.12,40550128.22,22501179.02,215388.0806,23751.90323,6461642.419,14553.67742,2335.516129,27,9546760,0,0,0,24250681,2,6.1,31.7,17.1,0,0,0,0,0,0,0,0,0,0,0,0,0,0,0,0,0,0,0,0,0,0,0,0
10-27-2019,13583824384,47,0,0,0,0,0,0,0,0,0,0,0,0,0,0,0,0,17832500,37986974,14348038,13826470,1015920,185528,183846,311405,1945,50042720.54,41889673.38,50361103.67,4556506,217263.6624,25887.57849,6517909.871,19210.08387,3474.092473,2,40000,0,0,0,24250681,1.7,1.1,36.6,17.9,0,0,0,0,0,0,0,0,0,0,0,0,0,0,0,0,0,0,0,0,0,0,0,0
11-03-2019,12841771482,69,0,0,0,0,0,0,0,0,0,0,0,0,0,0,0,0,17832500,25986663,14401052,12612970,1392832,80872,184627,214678,3296,13482936.23,41084779.36,44327806.22,5780176,221952.6167,31226.76667,6658578.5,30851.1,6320.533333,0,0,0,0,0,24250681,1,1.6,43.6,23.2,0,0,0,0,0,0,0,0,0,0,0,0,0,0,0,0,0,0,0,0,0,1,0,0
11-10-2019,12841771482,94,0,0,0,0,0,0,0,0,0,0,0,0,0,0,0,0,17832500,69998282,13492902,12568590,1671712,718491,598944,233155,4293,103100976,36480474.36,52040275.78,7247446.78,221952.6167,31226.76667,6658578.5,30851.1,6320.533333,94,32675121,0,0,0,24250681,2.9,19.2,35.3,18.2,0,0,0,0,0,0,0,0,0,0,0,0,0,0,0,0,0,0,0,0,0,1,0,0
11-17-2019,12841771482,95,0,0,0,0,0,0,0,0,0,0,0,0,0,0,0,0,17832500,294455191,23769927,12178905,7946915,1233264,362790,435470,33928,194992927.8,61105746.87,56256871,37258825.16,221952.6167,31226.76667,6658578.5,30851.1,6320.533333,44,15021760,0,0,0,24250681,1.9,26.5,39.6,16.6,0,0,0,0,0,0,0,0,0,0,0,0,0,0,0,0,0,0,0,0,0,1,0,0
11-24-2019,12841771482,141,0,0,0,1,0,0,0,0,0,0,0,0,0,0,0,0,562500,60896537,18471548,7771079,0,193918,230974,275905,0,45426627.16,41005504.64,30529707.11,0,221952.6167,31226.76667,6658578.5,30851.1,6320.533333,74,26032208,0,0,0,24250681,1.6,4.3,33.1,19.1,0,0,0,0,0,0,0,0,0,0,0,0,0,0,0,0,0,0,0,0,0,1,0,0
12-01-2019,14884522879,68,0,0,0,0,0,0,0,0,0,0,0,0,0,0,0,0,0,60712278,15626057,9350240,0,181020,171498,232505,0,41003752.77,37822121.4,35183697.89,0,216451.4032,20198.83871,6493542.097,17401.54839,4594.032258,77,24605000,0,0,0,24250681,2.4,18.1,30.2,18,0,0,0,0,0,0,0,0,0,0,0,0,0,0,0,0,0,0,0,0,0,0,0,0
12-08-2019,14884522879,80,0,0,0,0,0,0,0,0,0,0,0,0,0,0,0,0,0,108571428,17484861,11705029,0,675551,274175,291161,0,167805469.4,42957104.26,75096712.57,0,216451.4032,20198.83871,6493542.097,17401.54839,4594.032258,0,0,0,0,0,24250681,2,1.9,49.4,32.9,0,0,0,0,0,0,0,0,0,0,0,0,0,0,0,0,0,0,0,0,0,0,0,0
12-15-2019,14884522879,86,0,0,0,0,0,0,0,0,0,0,0,0,0,0,0,0,6880000,108390098,20559883,15961481,0,537658,241550,505448,0,130392037.6,55442212.05,108430966.2,0,216451.4032,20198.83871,6493542.097,17401.54839,4594.032258,0,0,0,0,0,24250681,1.8,6,34.8,22.3,0,0,0,0,0,0,0,0,0,0,0,0,0,0,0,1,0,0,0,0,0,0,0,0
12-22-2019,14884522879,65,0,0,0,0,0,0,0,0,0,0,0,0,0,0,0,0,24080000,115665605,19871771,14688732,0,921505,220967,444125,0,177597567.5,57534771.16,103367177.1,0,216451.4032,20198.83871,6493542.097,17401.54839,4594.032258,0,0,0,0,0,24250681,1.7,2.4,46,32.6,0,0,0,0,0,0,0,0,0,0,0,0,0,0,1,1,0,0,0,0,0,0,0,0
12-29-2019,14236305627,44,0,0,0,0,0,0,0,0,0,0,0,0,0,0,0,0,18320000,98669154,18859593,11079458,0,464837,189904,258041,0,77961441.4,50889106.89,58991349.55,0,217971.0806,8656.645161,4661011.129,12180.12903,3250.935484,0,0,0,0,0,11971233,2.1,7.2,39,26,0,0,0,0,0,0,0,0,0,0,0,0,0,0,0,0,1,0,0,0,0,0,0,0
01-05-2020,13750142688,66,0,0,0,0,0,0,0,0,0,0,0,0,0,0,0,0,4000000,110583789,19713334,3728809,0,255801,186238,79882,0,51473669.23,49090620,20033311.11,0,219110.8387,323333.9559,3286612.903,8264.064516,2243.612903,37,12025976,0,0,0,2761647,2.7,49.2,38.8,28.1,0,0,0,0,0,0,0,0,0,0,0,0,0,0,0,0,0,0,0,0,0,0,0,0
01-12-2020,13750142688,59,0,0,0,0,0,0,0,0,0,0,0,0,0,0,0,0,32374736.84,98943228,21976313,8992239,0,244343,191230,144934,0,52725962.69,49803370.73,41683490.11,0,219110.8387,480672.6113,3286612.903,8264.064516,2243.612903,115,39286908,0,0,0,2761647,1,1.7,37.2,24.1,0,0,0,0,0,0,0,0,0,0,0,0,0,0,0,0,0,0,0,0,0,0,0,0
01-19-2020,13750142688,67,0,0,0,0,0,0,0,0,0,0,0,0,0,0,0,0,37770526.32,72677293,16622854,18130137,5024129,238446,185740,268595,9549,44990427.98,45430620.82,65006391,19792289.75,219110.8387,559341.939,3286612.903,8264.064516,2243.612903,0,0,0,0,0,2761647,2,8,50.8,33.5,0,2,0,0,1,0,0,0,0,0,0,0,0,0,0,0,0,0,0,0,0,0,2.555555556,0
01-26-2020,13683833473,67,0,0,0,0,0,0,0,0,0,0,0,0,0,0,0,0,116823123.9,87700683,18679649,30697453,17023198,377641,224142,445170,42552,88846346.85,47138737.09,116871114.8,79784545.17,255109.3593,598676.6028,3826614.016,9161.656285,2486.92436,22,7480000,5,423796800,0,426558447,1.9,33.6,38.8,25.7,0,10,0,0,1,0,0,0,0,0,0,0,0,0,0,0,0,0,0,0,0,0,17.88888889,0
02-02-2020,13285978181,66,0,0,0,0,0,0,0,0,0,0,0,0,0,0,0,0,75667741.94,116204129,17028804,26673804,14215726,511483,209430,580224,47329,131012890.9,46132448.45,98299892,65024687.89,471100.4828,618343.9347,7066620.69,14547.2069,3946.793103,51,31518327,0,0,0,2761647,1.3,1.1,37.5,24.8,0,12,0,0,0,0,0,0,0,0,0,0,0,0,0,0,0,0,0,0,0,0,2.555555556,0
02-09-2020,13285978181,54,0,0,0,0,0,0,0,0,0,0,0,0,0,0,0,0,75667741.94,191439216,17217091,28453286,8898629,1823837,223544,619698,23192,338790543.8,47907614.64,167015392,47727518.81,471100.4828,628177.6007,7066620.69,14547.2069,3946.793103,0,0,0,0,0,2761647,2,15.1,49.5,34.9,0,4,0,0,0,0,0,0,0,0,0,0,0,0,0,0,0,0,0,0,0,0,18,6668181.818
02-16-2020,13285978181,77,0,0,0,0,0,0,0,0,0,0,0,0,0,0,0,0,75667741.94,171764139,18465089,26304472,4542594,1835300,203215,557911,14256,232660433.9,49226084.64,165356318.3,27443869.66,471100.4828,633094.4337,7066620.69,14547.2069,3946.793103,0,0,0,0,0,2761647,3.4,12.6,38.8,23.1,44,405,0,0,0,0,0,0,0,0,0,0,0,0,0,0,0,0,0,0,0,0,42,15559090.91
02-23-2020,13285978181,50,0,0,0,0,0,0,0,0,0,0,0,0,0,0,0,0,61674193.55,153389048,17399222,32934063,6623866,676497,177456,483962,19333,135534566.9,48656954.73,103749926.1,34558294.59,471100.4828,635552.8502,7066620.69,14547.2069,3946.793103,62,53487849,0,0,0,2761647,3.3,33.2,23.9,13.9,796,2717,0,0,0,0,0,0,0,0,0,0,0,0,0,0,0,0,0,0,0,0,6,2222727.273
03-01-2020,8198431736,43,0,0,0,0,0,0,0,0,0,0,0,0,0,0,0,0,20380645.16,121615641,18376448,22865766,12301961,433428,189533,321504,50038,98582418.9,50658838.55,65022040.67,51919460.89,228237.0323,636782.0584,3423451.613,7364.903226,5706.354839,0,0,0,0,0,2761647,1,3.7,37.8,25.8,3077,3984,0,0,0,1,0,0,0,0,0,0,0,0,0,0,0,0,0,0,0,0,0,0
03-08-2020,8198431736,56,0,0,0,0,0,0,0,0,0,0,0,0,0,0,0,0,11380645.16,129531537,19382129,27449977,4761914,525145,202369,424720,12886,148716673.8,46605510.38,131783466.7,20321707.44,228237.0323,637396.6625,3423451.613,7364.903226,5706.354839,179,105543886,0,0,0,2761647,1.9,14.7,38.1,21.2,863,1028,0,0,0,0,0,0,0,0,0,0,0,0,0,0,0,1,0,0,0,0,0,0
03-15-2020,8198431736,55,0,0,0,0,0,0,0,0,0,0,0,0,0,0,0,0,11380645.16,126582530,17419833,12216548,3766776,510227,183863,168242,9393,146787150,41573379.17,49153222.44,13402093.97,228237.0323,637703.9646,3423451.613,7364.903226,5706.354839,0,0,0,0,0,2761647,1,0.3,45.9,18.3,249,735,0,0,0,0,0,0,0,0,0,0,0,0,0,0,0,0,0,0,0,0,0,0
03-22-2020,8198431736,61,0,0,0,0,0,0,0,0,0,0,0,14.4,0,0,0,0,11380645.16,59360741,17787260,3592114,501107,192094,177778,103317,1195,37169488.51,41646980.89,18228566.44,1570815.028,228237.0323,637857.6156,3423451.613,7364.903226,5706.354839,1,340000,0,0,0,2761647,2.1,14,42.7,21.8,50,686,0,0,0,0,0,0,0,0,0,0,0,0,0,0,0,0,0,0,0,0,2,0
03-29-2020,10165982699,56,0,0,0,0,0,0,0,0,0,0,0,21,0,0,0,0,3251612.903,52672066,19048186,1914142,0,129936,214947,115552,0,27399800.7,45144210.68,13965828.11,0,524295.7376,637934.4412,7864393.548,37931.05376,18778.38065,7,2380000,0,0,0,2761647,1.5,1.8,40.9,19.9,97,654,0,0,0,0,0,0,0,0,0,0,0,0,0,0,0,0,0,1,0,0,2,0
04-05-2020,11641645921,58,0,0,0,0,0,0,0,0,0,0,0,30.2,0,0,0,0,0,60629013,23591653,6978753,0,191884,264516,410328,0,50573178.32,54156175.22,59288316,0,746339.7667,637972.8539,11195100,60855.66667,28582.4,0,0,0,0,0,2761647,1,2.6,42.9,19.9,34,275,0,0,0,0,0,0,0,0,0,0,0,0,0,0,0,0,0,1,0,0,0,0
04-12-2020,11641645921,75,0,0,0,0,0,0,0,0,0,0,0,27.3,0,0,0,0,0,70277648,23042118,12193089,0,233701,292685,514428,0,59185029.75,56941330.83,70534314,0,746339.7667,637992.0603,11195100,60855.66667,28582.4,0,0,0,0,0,2761647,2.4,19.7,36,19.5,1,149,0,0,0,0,0,0,0,0,0,0,0,0,0,0,0,0,0,1,0,0,0,0
04-19-2020,11641645921,49,0,0,0,0,0,0,0,0,0,0,1.5,26.4,0,0,0,0,0,57345364,18687122,2244240,0,143613,228230,97179,0,29307932.68,54149307.34,12452388,0,746339.7667,638001.6635,11195100,60855.66667,28582.4,1,1056024,0,0,0,2761647,1.6,20.1,41.8,12.7,1,67,0,0,0,0,0,0,0,0,0,0,0,0,0,0,0,0,0,1,0,0,0,0
04-26-2020,10594760809,58,0,0,0,0,0,0,0,0,0,0,0,19.9,0,0,0,0,0,59108471,19922971,2853762,0,211151,248211,177962,0,31684321.25,56871521.55,20568103,0,637423.1882,638006.4651,9561338.71,50801.17204,24821.16129,0,0,0,0,0,2761647,1,0.7,37.6,18.1,0,65,0,0,0,0,0,1,0,0,0,0,0,0,0,0,0,0,1,1,0,0,0,0
05-03-2020,7977548027,66,0,0,0,0,0,0,0,0,0,0,0,29.7,0,0,0,0,0,72707980,25681635,5745400,0,259561,297390,311700,0,40163985.64,69907135.86,42082861,0,365131.7419,638008.8659,5476935.484,25664.93548,15418.06452,0,0,0,0,0,2761647,3,38.4,28,14,0,81,0,0,0,0,1,0,0,0,0,0,0,0,0,0,0,0,0,1,0,0,0,0
05-10-2020,7977548027,47,0,0,0,0,0,0,0,0,0,0,0,28.4,0,0,0,0,0,34562984,20605785,980308,0,121906,225715,74463,0,20423123,58349791.01,6668890,0,365131.7419,638010.0663,5476935.484,25664.93548,15418.06452,2,375000,0,0,0,2761647,2.9,15.4,44.4,16.4,0,176,0,0,0,0,0,0,0,0,0,0,0,0,0,0,0,0,0,1,0,0,0,0
05-17-2020,7977548027,62,0,0,0,0,0,0,0,0,0,0,0,25.7,0,0,0,0,0,34162408,18905660,331318,0,139701,225555,15021,0,24304215.27,56194795.45,1718955,0,365131.7419,638010.6665,5476935.484,25664.93548,15418.06452,1,340000,0,0,0,2761647,2.4,21.3,28.4,16.5,0,140,0,0,0,0,0,0,0,0,0,0,0,0,0,0,0,0,0,1,0,0,0,0
05-24-2020,7977548027,62,0,0,0,0,0,0,0,0,0,0,0,20.6,0,0,0,0,0,42961259,16915072,3354579,0,194789,224891,209576,0,36838830.82,54595138.88,42656384.67,0,365131.7419,638010.9666,5476935.484,25664.93548,15418.06452,27,10046908,0,0,0,2761647,1.5,11.1,32.6,21.2,0,278,0,0,0,0,0,0,0,0,0,0,0,0,0,0,0,0,0,1,0,0,0,0
05-31-2020,7870608698,56,0,0,0,0,0,0,0,0,0,0,0,4.5,0,0,0,0,0,25415201,17711610,8483322,0,207128,219612,431787,0,43344310.68,54949032.05,91819549.11,0,842474.2774,546866.8,13152419.35,100191.2194,21231.58065,26,8535000,0,0,0,2761647,2.6,3.3,34.3,18.3,1,308,0,0,0,0,0,0,1,0,0,0,0,0,0,0,0,0,0,0,0,0,0,0
06-07-2020,7852785477,54,0,0,0,0,0,0,0,0,0,0,0,7,0,0,0,0,0,10771509,27015245,1950529,0,111402,256632,111411,0,20921278.86,73050395.78,24361724.89,0,922031.3667,638011.2667,14431666.67,112612.2667,22200.5,1,24000,0,0,0,2761647,2.9,61.3,40.5,21.2,0,309,0,0,0,0,0,0,0,0,0,0,0,0,0,0,0,0,0,0,0,0,0,0
06-14-2020,7852785477,56,0,0,0,0,0,0,0,0,0,0,0,4.5,0,0,0,0,0,38135512,29183792,2167804,0,179869,253464,172745,0,26267536.26,80163237.41,19547011.33,0,922031.3667,638011.2667,14431666.67,112612.2667,22200.5,0,0,0,0,0,2761647,2.9,32.3,31.7,18,0,336,0,0,0,0,0,0,0,0,0,0,0,0,0,0,0,0,0,0,0,0,0,0
06-21-2020,7852785477,72,0,0,0,0,0,0,0,0,5.3,0,0,3.1,0,0,0,0,0,85174204,26738564,4574948,0,320936,301431,331761,0,61949169.07,89438406.25,41986692.44,0,922031.3667,638011.2667,14431666.67,112612.2667,22200.5,30,10200000,0,0,0,2761647,2.3,26.3,28.4,16.7,0,294,0,0,0,0,0,0,0,0,0,0,0,0,0,0,0,0,0,0,0,0,0,0
06-28-2020,9438734440,59,0,0,0,0,0,0,0,0,2.4,0,0,1.2,0,0,0,0,0,92301467,27026161,2867503,0,320255,269091,168542,0,52326730.39,85951465.79,22578364.78,0,694237.7194,273433.4,10671322.58,78435.94839,12677.46774,0,0,0,0,0,2761647,3.9,76.8,27.3,15.3,0,376,0,0,0,0,0,0,0,0,0,0,0,0,0,0,0,0,0,0,1,0,0,0
07-05-2020,10628196162,43,0,0,0,0,0,0,0,0,0,0,0,0,0,0,0,0,0,81906239,28550329,0,0,427644,267266,0,0,70440346.15,85961025.58,0,0,523392.4839,383564.7,7851064.516,52803.70968,5535.193548,0,0,0,0,0,2761647,2,54,24.5,15.5,0,326,0,0,0,0,0,0,0,0,0,0,0,0,0,0,0,0,0,0,1,0,0,0
07-12-2020,10628196162,50,0,0,0,0,0,0,0,0,0,0,0,0,0,0,0,0,0,62781097,30791346,0,0,358089,277663,0,0,55832939.8,85696769.73,0,0,523392.4839,438630.35,7851064.516,52803.70968,5535.193548,0,0,0,0,0,2761647,3.6,120.3,18.2,10.1,0,328,0,0,0,0,0,0,0,0,0,0,0,0,0,0,0,0,0,0,1,0,0,0
07-19-2020,10628196162,54,0,0,0,0,0,0,0,0,0,0,0,0,0,0,0,0,0,58300590,28104324,0,0,342146,231890,0,0,51638457.19,78071237.84,0,0,523392.4839,466163.175,7851064.516,52803.70968,5535.193548,7,2380000,0,0,0,2761647,5.9,166.2,17.1,9.5,0,415,0,0,0,0,0,0,0,0,0,0,0,0,0,0,0,0,0,0,1,0,0,0
07-26-2020,10750708977,49,0,0,0,0,0,0,0,0,0,0,0,0,0,0,0,0,0,70063172,25658083,0,0,754561,206887,0,0,66116526.76,69439782.13,0,0,599827.2258,479929.5875,8997548.387,54582.16129,6527.451613,1,24890,0,0,0,2761647,5.3,128.8,22.2,12.9,0,216,0,0,0,0,0,0,0,0,0,0,0,0,0,0,0,0,0,0,1,0,0,0
08-02-2020,11485785864,45,0,0,0,0,0,0,0,0,0,0,0,0,3.09,0,0,0,0,51533128,26575803,0,0,276843,198834,0,0,58858533.89,67486815.22,0,0,1058435.677,486812.7938,15876451.61,65252.87097,12481,0,0,0,0,0,2761647,4.9,248,25.4,14.9,0,232,0,0,0,0,0,0,0,0,0,0,0,0,0,0,0,0,0,0,0,0,0,0
08-09-2020,11485785864,42,0,0,0,0,0,0,0,0,0,0,0,0,0,0,0,0,0,48470222,15288457,5025413,0,291469,181461,129804,0,42341627.69,66591400.61,17964472.89,0,1058435.677,490254.3969,15876451.61,65252.87097,12481,0,0,0,0,0,2761647,4.4,122.7,20.2,9.6,0,720,720,0,0,0,0,0,0,0,1,0,0,0,0,0,0,0,0,0,0,0,0,0
08-16-2020,11485785864,54,0,0,0,0,0,0,0,0,0,0,0,0,1.06,0,0,0,0,77527955,20824529,13450707,1047968,581046,205067,323745,1739,64657947.21,70480244.13,57200452.77,2672503.508,1058435.677,491975.1984,15876451.61,65252.87097,12481,0,0,0,0,0,2761647,1.7,19.2,31.6,20.8,0,2081,2081,0,0,0,0,0,0,0,1,0,0,0,0,0,0,0,0,0,0,0,0,0
08-23-2020,11485785864,43,0,0,0,0,0,0,0,0,0,0,0,0,0.93,0,0,0,0,71495494,18154288,14508168,12141273,632188,202380,400868,24254,63658399.59,69601415.13,71403212.78,40565878.82,1058435.677,492835.5992,15876451.61,65252.87097,12481,0,0,0,0,0,2761647,3.3,38.1,23.4,13.8,0,2300,2300,0,0,0,0,0,0,0,0,0,0,0,0,0,0,0,0,0,0,0,0,0
08-30-2020,12361799422,54,0,0,0,0,0,0,0,0,0,0,0,0,0.92,0,0,0,0,54807937,14918829,7546423,3295768,347720,187182,181748,6611,40313073.69,65990998,36784686.11,11048755.71,903215.8602,352640,13548295.7,64505.51075,12687.16667,63,18183907,0,0,0,2761647,3.6,95.7,23.4,13.1,0,1478,1478,0,0,0,0,0,0,0,0,0,0,0,0,0,0,0,0,0,0,0,7.5,2666666.667
09-06-2020,12712204845,58,0,0,0,0,0,0,0,0,0,0,0,0,1.15,0,0,0,0,55930622,16021289,6504080,5171184,341325,222701,220048,12409,68332465.77,69576197.91,24761711.78,23674299.41,841127.9333,493696,12617033.33,64206.56667,12769.63333,84,37845895,0,0,0,2761647,5.1,95,24.3,14.6,0,999,999,0,0,0,0,0,0,0,0,0,0,0,0,0,0,0,0,0,0,0,11.90540541,7281981.982
09-13-2020,12712204845,50,0,0,0,0,0,0,0,0,0,0,0,0,0.46,0,0,0,0,95478045,21218746,13188397,8471132,565510,275633,399719,17865,124683976.5,85831401.17,66304714.22,30907221.76,841127.9333,493696,12617033.33,64206.56667,12769.63333,58,18764780,0,0,0,2761647,2.9,9.3,22.7,11.9,0,799,799,0,0,0,0,0,0,0,0,0,0,0,0,0,0,0,0,0,0,0,12.95945946,9943468.468
09-20-2020,12712204845,63,0,0,0,0,0,0,0,0,0,0,0,0,0.54,0,0,0,0,116567998,26132316,10094197,13065297,893560,308971,282951,27353,236178754.7,97140349.67,63800480.11,56029866.34,841127.9333,493696,12617033.33,64206.56667,12769.63333,10,3400000,0,0,0,2761647,1,1.1,18.1,8.5,0,637,0,0,0,0,0,0,0,0,0,0,0,0,0,0,0,0,0,0,0,0,12.95945946,9943468.468
09-27-2020,12705468162,55,0,0,0,0,0,0,0,0,0,0,0,0,1.18,0,0,0,0,132331399,23723326,11397545,4491915,1077760,282104,496831,9156,257214552.1,94189868.27,66859988.78,18069608.8,836020.372,473341,12540346.24,52954.78925,11200.32043,114,66787798,0,0,0,2761647,1.2,7.2,28.2,14.7,0,480,0,0,0,0,0,0,0,0,0,1,1,0,0,0,0,0,0,0,0,0,8.459459459,8343468.468
10-04-2020,12696485919,63,0,0,0,0,0,0,0,0,0,0,0,0,0.59,0,0,0,0,71991636,14841348,9961746,4471435,551471,230337,474717,8871,112321727.4,60186158,49505432.56,13670603.4,829210.2903,446201,12438096.77,37952.41935,9107.903226,57,26559000,0,0,0,2761647,1,0.5,22.7,10.2,0,515,0,0,0,0,0,0,0,0,0,0,0,1,0,0,0,0,0,0,0,0,2.459459459,6210135.135
10-11-2020,12696485919,51,0,0,0,0,0,0,0,0,0,0,0,0,0.54,0,0,0,0,65363691,12834488,7552838,3616911,449044,187477,378499,6291,98451047.66,46752622.91,41120597.44,11599297.72,829210.2903,446201,12438096.77,37952.41935,9107.903226,10,3400000,0,0,0,2761647,1,0.3,32.2,15.9,0,593,0,0,0,0,0,0,0,0,0,0,0,0,0,0,0,0,0,0,0,0,1.756756757,4435810.811
10-18-2020,12696485919,54,0,0,0,0,0,0,0,0,0,0,0,0,3.85,0,0,0,0,63474006,40797748,7790877,4382762,475834,255981,349776,8531,124329264.5,73341475.27,41752803.56,21078611.08,829210.2903,446201,12438096.77,37952.41935,9107.903226,32,10540000,0,0,0,2761647,1.4,13.6,41,20.6,0,637,0,0,0,0,0,0,0,0,0,0,0,0,0,0,0,0,0,0,0,0,1.8,2000000
10-25-2020,12696485919,44,0,0,0,0,0,0,0,0,0,0,0,0,3.05,1482113,4545456,0,0,144763216,37523621,12904435,11467653,1112970,268491,351664,19442,330285376.9,98063268,65743772.89,45109344.72,829210.2903,446201,12438096.77,37952.41935,9107.903226,0,0,0,0,0,2761647,0,0,43.2,23.5,0,799,0,0,0,0,0,0,0,0,0,0,0,0,0,0,0,0,0,0,0,0,6.3,7000000
11-01-2020,9202145306,42,0,0,0,0,0,0,0,0,0,0,0,0,3.93,1652933,6010102,0,0,85843705,11809098,7187449,14336573,726224,185465,356072,21683,179483547.5,54413080.36,39214415,52284058.6,1167869.5,628021.5667,17517966.67,60513.36667,15662.73333,0,0,0,0,0,2761647,2.3,7.9,39.3,19.1,0,792,0,0,0,0,0,0,0,0,0,0,0,0,0,0,0,0,0,0,0,1,8.754545455,9727272.727
11-08-2020,9202145306,53,0,0,0,0,0,0,0,0,0,0,0,0,4.67,1697789,6010102,0,0,44227586,11570463,6189372,3460047,362824,186352,293863,3274,114035683.8,55878474.81,33332693.44,12947800.4,1167869.5,628021.5667,17517966.67,60513.36667,15662.73333,0,0,0,0,0,2761647,1,0,45.9,24.1,0,1119,0,0,0,0,0,0,0,0,0,0,0,0,0,0,0,0,0,0,0,1,12.02727273,13363636.36
11-15-2020,9202145306,50,0,0,0,0,0,0,0,0,0,0,0,0,6.11,1013112,3434340,0,0,71347511,43770410,5327412,3038050,655663,243503,197687,3079,186112723.2,77976183.27,40037583.23,14609151.35,1167869.5,628021.5667,17517966.67,60513.36667,15662.73333,17,5475000,0,0,0,2761647,2.7,42.6,40.8,26.1,0,2187,0,0,0,0,0,0,0,0,0,0,0,0,0,0,0,0,0,0,0,1,7.118181818,7909090.909
11-22-2020,9202145306,43,0,0,0,0,0,0,0,0,0,0,0,0,5.75,0,0,0,0,235678793,40462511,3726284,1760468,1145398,291557,147266,3148,414640371.7,125691979.4,41570635.56,11801120.21,1167869.5,628021.5667,17517966.67,60513.36667,15662.73333,0,0,0,0,0,2761647,1,2.3,31,19.1,0,3091,0,0,0,0,0,0,0,0,0,0,0,0,0,0,0,0,0,0,0,1,6.3,7000000
11-29-2020,11258377275,95,0,0,0,0,1,0,0,0,0,0,0,0,8.25,0,0,0,0,92108834,24219180,2536384,0,512535,295241,89907,0,160322551.3,100415651.5,21604045.44,0,1651535.065,900322.4753,24773036.56,100505.3398,24989.90538,18,6306908,0,0,0,2761647,0,0,38.3,22.9,0,3722,0,0,0,0,0,0,0,0,0,0,0,0,0,0,0,0,0,0,0,0,6.3,7000000
12-06-2020,12080870063,56,0,0,0,0,0,0,0,0,0,0,0,0,4.82,0,0,0,0,26630468,9864239,2953424,503917,222699,141901,102623,1684,53551839.01,47247922.03,27666104.22,2821935.2,1845001.29,1009242.839,27675064.52,116502.129,28720.77419,27,9180000,0,0,0,2761647,1,0.2,48,32.4,0,5220,0,0,0,0,0,0,0,0,0,0,0,0,0,0,0,0,0,0,0,0,6.3,7000000
12-13-2020,12080870063,45,0,0,0,0,0,0,0,0,0,0,0,0,7.03,0,0,0,0,61083232,153976839,5061596,76237,492793,380110,201727,252,113510491.4,106266122.8,57350637.44,390856,1845001.29,1009242.839,27675064.52,116502.129,28720.77419,0,0,0,0,0,2761647,1.8,2.7,25.8,14.7,0,6899,0,0,0,0,0,0,0,0,0,0,0,0,0,1,0,0,0,0,0,0,6.3,7000000
12-20-2020,12080870063,41,0,0,0,0,0,0,0,0,0,0,0,0,3.99,0,0,0,0,70365444,37861287,3075993,0,448322,218005,91862,0,89065447.12,79888684.55,31303604.34,0,1845001.29,1009242.839,27675064.52,116502.129,28720.77419,0,0,0,0,0,2761647,1,0.1,44.7,28.8,0,7207,0,0,0,0,0,0,0,0,0,0,0,0,1,1,0,0,0,0,0,0,6.3,7000000
12-27-2020,11746779265,33,0,0,0,0,0,0,0,0,0,0,0,0,4.06,0,0,0,0,59385236,11324733,3509758,0,398113,160643,130828,0,69499535.86,68646446.82,24679521.45,0,1585419.935,864938.9677,23781322.58,93171.87097,22596.32258,37,12580000,0,0,0,2291509,2.6,6.3,34.2,20.6,0,6372,0,0,0,0,0,0,0,0,0,0,0,0,0,0,0,0,0,0,0,0,4.5,5000000
01-03-2021,10911552271,41,0,0,0,0,0,0,0,0,0,0,0,0,3.14,0,0,0,0,45922111,10310929,2198797,296497,313711,147872,42349,829,49737677.08,56572532.36,20023944.45,1710282.57,936466.5484,504179.2903,14046967.74,34846.22581,7285.193548,0,0,0,0,0,1116164,1.5,2,28.2,15.5,0,5420,0,0,0,0,0,0,0,0,0,0,0,0,0,0,0,0,0,0,0,0,0,0
01-10-2021,10911552271,37,0,0,0,0,0,0,0,0,0,0,0,0,3.61,0,0,0,0,33672076,10678729,874023,2701264,184882,148034,17326,8688,37543341.81,52992522.45,6894436.666,16179354.79,936466.5484,504179.2903,14046967.74,34846.22581,7285.193548,0,0,0,0,0,1116164,1.3,1.7,59.3,29.3,0,3676,0,0,0,0,0,0,0,0,0,0,0,0,0,0,0,0,0,0,0,0,0,0
01-17-2021,10911552271,36,0,0,0,0,0,0,0,0,0,0,0,0,4.86,0,0,0,0,42581279,11134579,1382609,7997209,255276,156385,90767,14385,59460692.78,59474128.45,8472631.111,25798272.84,936466.5484,504179.2903,14046967.74,34846.22581,7285.193548,34,14197836,0,0,0,1116164,3,10.3,32.4,19.9,0,2744,0,0,0,0,0,0,0,0,0,0,0,0,0,0,0,0,0,0,0,0,0,0
01-24-2021,10911552271,40,0,0,0,0,0,0,0,0,0,0.7,0,0,3.89,0,0,0,48774193.55,34484842,11170802,3471229,8674839,223195,176882,121660,20035,46327518.2,61168361.03,15722471.44,28057607.74,936466.5484,504179.2903,14046967.74,34846.22581,7285.193548,90,48806061,0,0,0,1116164,2,8.7,32.1,15.5,0,3121,0,0,0,0,0,0,0,0,0,0,0,0,0,0,0,0,0,0,0,0,0,0
01-31-2021,13729144032,33,0,0,0,0,0,0,0,0,0,4.9,0,0,5.04,0,0,0,113806451.6,40359328,10950097,11064752,14188957,242009,230003,255075,19787,67057752.83,60438113,57456713.67,52621983.24,1623577.078,888310.1843,24353709.68,60003.60369,13784.52765,11,3740000,0,0,0,1116164,2,10.8,41.2,23.6,0,2691,0,0,0,0,0,0,0,0,0,0,0,0,0,0,0,0,0,0,0,0,0,0
02-07-2021,14198742658,41,0,0,0,0,0,0,0,0,0,2.2,0,0,3.14,2038462,11815469,0,113806451.6,76076953,13470821,15100770,8995594,563612,271479,431771,14230,138709291.2,73983318.4,91451754.11,52184610.81,1738095.5,952332,26071500,64196.5,14867.75,0,0,0,0,0,1116164,0,0,43.8,32.6,0,2629,0,0,1,0,0,0,0,0,0,0,0,0,0,0,0,0,0,0,0,0,1.333333333,66666.66667
02-14-2021,14198742658,54,0,0,0,0,0,0,0,0,0,0.7,0,0,3.32,2846125,16423867,0,113806451.6,52470394,16722044,13581303,14301395,347339,319738,348852,20957,96552721.62,87806643.31,87613227.67,66230326.12,1738095.5,952332,26071500,64196.5,14867.75,24,7552943,0,0,0,1116164,2.7,6.8,39.9,22.6,0,3467,0,0,0,0,0,0,0,0,0,0,0,0,0,0,0,0,0,0,0,0,5.666666667,10033333.33
02-21-2021,14198742658,56,0,0,0,0,0,0,0,0,0,0,0,0.6,2.06,308150,1760664,0,113806451.6,49071707,15363621,9133311,13825137,304536,312480,311318,17700,62199724.52,78120480.94,58174760.78,43169319.3,1738095.5,952332,26071500,64196.5,14867.75,0,0,0,0,0,1116164,1.4,6.8,40.7,20.6,0,2684,0,0,0,0,0,0,0,0,0,0,0,0,0,0,0,0,0,0,0,0,4,200000
02-28-2021,13280938240,47,0,0,0,0,0,0,0,0,0,0,0,25,2.3,0,0,0,163306451.6,37909333,15491614,5733971,2512368,204220,296762,201886,3750,52657777.34,72059188.58,26750730.33,10506579.9,1624770.583,877382.4608,24371661.29,55675.96083,15027.64171,35,11590000,0,0,0,1116164,3.1,57.5,25.2,14.3,0,2795,0,0,0,1,0,0,0,0,0,0,0,0,0,0,0,0,0,0,0,0,0,0
03-07-2021,13127970837,43,0,0,0,0,0,0,0,0,0,1.8,0,18.4,3.16,0,0,0,163306451.6,44571289,18915739,7492045,9798705,277600,332140,255885,14155,73677196.14,74385724.45,31614088.44,36702812.42,1605883.097,864890.871,24088354.84,54255.87097,15054.29032,20,6437024,0,0,0,1116164,1.2,20.5,46.6,30.1,0,3164,0,0,0,0,0,0,0,0,0,0,0,0,0,0,0,0,0,0,0,0,0,0
03-14-2021,13127970837,54,0,0,0,0,0,0,0,0,0,10,0,20.8,1.76,0,0,0,163306451.6,35938389,18629784,7378039,13472927,226811,339723,253410,16292,61017661.26,73308245,33174146.89,43187912.73,1605883.097,864890.871,24088354.84,54255.87097,15054.29032,2,160000,0,0,0,1116164,2.1,8,61.7,25.1,0,3030,0,0,0,0,0,0,0,0,0,0,0,0,0,0,0,0,0,0,0,0,0,0
03-21-2021,13127970837,55,0,0,0,0,0,0,0,0,0,5.4,0,36.1,4.46,0,0,0,163306451.6,34971516,17298592,6667397,0,239655,321813,265264,0,67851416.8,71812659.09,31879009.78,0,1605883.097,864890.871,24088354.84,54255.87097,15054.29032,21,4557093,0,0,0,1116164,1.3,23.4,55.4,24.5,0,3093,0,0,0,0,0,0,0,0,0,0,0,0,0,0,0,0,0,0,0,0,0,0
03-28-2021,12730616218,52,0,0,0,0,0,0,0,1.2,0,11.4,0,20.4,4.26,0,0,0,0,32193937,22721294,6619151,0,202459,306567,275459,0,63499344.04,69703791,31229592.78,0,1644298.984,884712.4548,24664574.19,66776.65484,18686.75161,21,7140000,0,0,0,1116164,2.1,41.8,106.8,24.4,0,3522,0,0,0,0,0,0,0,0,0,0,0,0,0,0,0,0,0,0,0,0,0,0
04-04-2021,12200810058,48,0,0,0,0,0,0,0,1.9,0,6.8,0,24.8,2.01,0,0,0,0,10615079,20311096,4281253,876325,175811,312307,127711,1315,25783856.61,66419532.91,21229028.88,7995152,1695520.167,911141.2333,25432866.67,83471.03333,23530.03333,12,4080000,0,0,0,1116164,1.1,10.4,29.7,15.3,0,4280,0,1,0,0,0,0,0,0,0,0,0,0,0,0,0,0,0,1,0,0,0,0
04-11-2021,12200810058,47,0,0,0,0,0,0,0,4.2,0,0.2,0,21.3,2.14,0,0,0,0,22053641,23377692,10877335,3221585,420533,300580,223818,4931,61109186.13,66822445.91,124211096.7,28044171,1695520.167,911141.2333,25432866.67,83471.03333,23530.03333,12,4080000,0,0,0,1116164,2.1,23.2,38.8,15.4,0,4556,0,1,0,0,0,0,0,0,0,0,0,0,0,0,0,0,0,1,0,0,0,0
04-18-2021,12200810058,48,0,0,0,0,0,13.31,171263400,4.5,0,0.9,0,26.6,0,733318,3943655,34947500,0,40109150,21130314,18774189,22969547,483368,269506,463803,29847,87611542.42,62889723.73,91534909.09,113309454,1695520.167,911141.2333,25432866.67,83471.03333,23530.03333,19,5740000,0,0,0,1116164,1,0.1,45.6,20.1,0,4772,0,1,0,0,0,0,0,0,0,0,0,0,0,0,0,0,0,1,0,0,0,0
04-25-2021,12471870885,55,0,0,0,0,0,23.11,193201090,2.7,0,0.9,0,33.1,0,1263186,6850891,63516250,0,49561856,22055988,29037493,28254924,446650,268240,515906,31824,115277819.8,64097664.09,138458618.9,164782993.9,1760686.065,941520.2,22243116.13,82795.18065,23918.37419,12,4080000,9,0,0,1116164,3.3,17.9,35.7,15.1,0,4353,0,1,0,0,0,0,0,0,0,0,0,0,0,0,0,0,1,1,0,0,0,0
05-02-2021,14098235847,57,0,0,0,0,0,2.09,17700000,0,4.2,0,0,15.5,0,1417527,7906232,42516250,0,53547484,24944731,22768931,18267972,380338,287898,390416,19309,129250757.6,74244464.55,137798053.4,80295373.11,2151681.452,1123794,3104612.903,78740.06452,26248.41935,1,340000,0,0,0,1116164,3,20.9,102.3,26.2,0,4069,0,1,0,0,1,0,0,0,0,0,0,0,0,0,0,0,0,1,0,0,0,0
05-09-2021,14098235847,47,0,0,0,0,0,0,0,0,19.1,0,0,10.5,0,1525208,8379894,34116250,0,33354067,27372195,14708435,13029549,198747,274647,151951,14337,71126115.94,71069477.46,67561928.74,71467039.56,2151681.452,1123794,3104612.903,78740.06452,26248.41935,8,2720000,0,0,0,1116164,1.9,20.3,36.7,15.8,0,4362,0,1,0,0,0,0,0,0,0,0,0,0,0,0,0,0,0,1,0,0,0,0
05-16-2021,14098235847,51,0,0,0,0,0,0,0,0,3.2,0,0,11.3,0,528174,2919328,4873750,0,20301115,25055586,10300758,11612435,134746,253230,260950,14885,45252480.34,68136685.91,34761746.81,62811661.89,2151681.452,1123794,3104612.903,78740.06452,26248.41935,21,2560000,0,0,0,1116164,4.4,64.7,20.6,12,0,4258,0,1,0,0,0,1,0,0,0,0,0,0,0,0,0,0,0,1,0,0,0,0
05-23-2021,14098235847,52,0,0,0,0,0,0,0,0,0,0,0,15.1,0,0,0,0,0,24015307,21764878,9306905,6407879,119038,242009,187141,8857,43847527.31,63517945,41574132.33,31769119.76,2151681.452,1123794,3104612.903,78740.06452,26248.41935,28,9520000,0,0,0,1116164,3.1,21.6,47.6,19.4,0,3981,0,1,0,0,0,0,0,0,0,0,0,0,0,0,0,0,0,1,0,0,0,0
05-30-2021,13543740337,64,0,0,0,0,0,0,0,0.1,0,0,0,2.4,31,0,0,0,0,56062526,23232854,5198757,989358,269980,280850,166848,1614,78431137.75,65972992.09,49796167.78,5486491.638,3150830.296,1726540.667,38928032.26,155997.328,67781.71505,0,0,0,0,0,1116164,0,30.6,34.67,18.86,0,4085,0,0,0,0,0,0,0,0,0,0,0,0,0,0,0,0,0,0,0,0,0,0
06-06-2021,13321942132,63,0,0,0,0,0,0,0,0.2,0,0.1,0,0,54,0,0,0,0,47063758,22928268,1843065,0,168780,253366,89451,0,45932871.83,60085020.72,23310277.32,0,3550489.833,1967639.333,53257400,186900.2333,84395.03333,0,0,0,0,0,1116164,0,30.8,36.1,21,0,3828,0,0,0,0,0,0,1,0,0,0,0,0,0,0,0,0,0,0,0,0,0,0
06-13-2021,13321942132,74,0,0,0,0,0,0,0,0.3,0,0.1,0,0,56,0,0,0,0,54848031,30686914,3266932,0,486955,394737,122199,0,100798708.2,88289906,28339821,0,3550489.833,1967639.333,53257400,186900.2333,84395.03333,0,0,0,0,0,1116164,0,16,22.7,13.71,0,3298,0,0,0,0,0,0,0,0,0,0,0,0,0,0,0,0,0,0,0,0,0,0
06-20-2021,13321942132,58,0,0,0,0,0,0,0,0.2,0,0,0,0,65,0,0,0,0,31410379,38017153,3875393,0,392353,361427,103485,0,87273382.22,97285925.24,32488431.66,0,3550489.833,1967639.333,53257400,186900.2333,84395.03333,7,795326,0,0,0,1116164,0,15.3,30.21,18,0,3737,0,0,0,0,0,0,0,0,0,0,0,0,0,0,0,0,0,0,0,0,0,0
06-27-2021,11626840372,53,0,0,0,0,0,0,0,0.4,0,0,0,0,36,0,0,0,0,63621873,50563251,3504043,0,354271,355502,120347,0,106713788.6,96082632.08,31841588.44,0,3253225.753,1836107.495,48798412.9,148659.1333,59281.9914,0,0,0,0,0,1116164,0,50.4,27.01,17.14,0,4884,0,0,0,0,0,0,0,0,0,0,0,0,0,0,0,0,0,0,0,0,0,0
07-04-2021,9366704691,48,0,0,0,0,0,0,0,0.2,0,0,0,0,6,0,0,0,0,13257395,28060133,114863,0,53619,246975,4639,0,11553117,65838025.06,1270886,0,2856873.645,1660731.71,42853096.77,97671,25797.93548,0,0,0,0,0,1116164,0,167.2,17.29,9.22,0,7380,0,0,0,0,0,0,0,0,0,0,0,0,0,0,0,0,0,0,1,0,0,0
07-11-2021,9366704691,52,0,0,0,0,0,0,0,0.3,0,0,0,0,0,0,0,0,0,42974769,27395641,4472079,3324921,619693,258110,37721,3027,66329851.53,64562282.96,19647590,10014956.71,2856873.645,1660731.71,42853096.77,97671,25797.93548,0,0,0,0,0,1116164,0,12.1,20.26,10.43,0,9770,0,0,0,0,0,0,0,0,0,0,0,0,0,0,0,0,0,0,1,0,0,0
07-18-2021,9366704691,60,0,0,0,0,0,0,0,0.1,0,0,0,0,0,324219,1712211,0,0,107729966,31123026,12107445,17870081,1286157,282449,183171,19143,173263243.5,73051746.49,53260065.56,78644346.92,2856873.645,1660731.71,42853096.77,97671,25797.93548,10,3124249,0,0,0,1116164,0,6.9,19.87,11.18,0,10860,0,0,0,0,0,0,0,0,0,0,0,0,0,0,0,0,0,0,1,0,0,0
07-25-2021,9366704691,54,0,0,0,0,0,0,0,0.1,0,0,0,0,0,396152,2083697,0,0,84622395,47975166,9366633,20623478,619170,273721,173086,24306,138979635.6,77733937.02,38476170.89,87250591.11,2856873.645,1660731.71,42853096.77,97671,25797.93548,0,0,0,0,0,1116164,0,5.4,21.56,12.78,0,10984,0,0,0,0,0,0,0,0,0,0,0,0,0,0,0,0,0,0,1,0,0,0
08-01-2021,9952288195,65,0,0,0,0,0,0,0,0,0,0,0,8,0,426821,2228871,0,0,19678410,53189259,8306008,12346946,80624,277189,185116,16239,28047955.79,74169028.85,29191034.11,50536497.71,3592735.774,2046635.613,53890967.74,74394.19355,30084.64516,0,0,0,0,0,1116164,0,44.1,20.29,11.54,0,10887,0,0,0,0,0,0,0,0,0,0,0,0,0,0,0,0,0,0,0,0,0,0
08-08-2021,9952288195,55,0,0,0,0,0,0,0,0,0,0.5,0,9.4,0,421721,2204854,0,0,90994368,82280390,10494833,8886169,490355,345018,218783,11716,138982523.6,121341598.8,53953544.11,36499873,3592735.774,2046635.613,53890967.74,74394.19355,30084.64516,0,0,0,0,0,1116164,0,33,19.91,10.99,0,12880,0,0,0,0,0,0,0,0,0,0,0,0,0,0,0,0,0,0,0,0,0,0
08-15-2021,9952288195,49,0,0,0,0,0,0,0,0,0,0.8,0,0.8,3,342840,1770365,0,0,123623854,83782136,9417938,3353311,533822,392060,187631,5205,175358480.5,150335228.2,67812513,17735400.25,3592735.774,2046635.613,53890967.74,74394.19355,30084.64516,0,0,0,0,0,1116164,0,65.6,15.39,7.54,0,12623,0,0,0,0,0,0,0,0,1,0,0,0,0,0,0,0,0,0,0,0,0,0
08-22-2021,9952288195,63,0,0,0,0,0,0,0,0,0,0.4,0,0.1,6,283732,1790817,0,0,127794918,87810863,8540389,7010371,525369,417583,153414,11565,188409386.8,144852659.1,64902090.67,45649363.34,3592735.774,2046635.613,53890967.74,74394.19355,30084.64516,4,3485175,0,0,0,1116164,0,120.4,22.78,11.18,0,12214,0,0,0,0,0,0,0,0,0,0,0,0,0,0,0,0,0,0,0,0,0,0
08-29-2021,13049462111,55,0,0,0,0,0,0,0,8.7,0,0,0,0,1,538196,3383122,0,0,77747822,90381136,8153432,15662212,579903,418795,133538,22138,153745489.4,105257024.1,46781276.34,91415427.88,3720346.703,2147720.082,55805195.7,93621.75914,44923.81935,0,0,0,0,0,1116164,0,67.9,19.66,10.05,0,11967,0,0,0,0,0,0,0,0,0,0,0,0,0,0,0,0,0,0,0,0,6,5000
09-05-2021,15372342549,59,0,0,0,0,0,0,0,15.8,0,0,0,0,0,575406,3572175,0,0,103511477,64031772,6926208,10299735,744615,413177,155666,14741,211817381.6,107305051.5,46441401.11,64755670.11,3816054.9,2223533.433,57240866.67,108042.4333,56053.2,3,205137,0,0,0,1116164,0,23.3,19.31,9.99,0,12580,0,0,0,0,0,0,0,0,0,0,0,0,0,0,0,0,0,0,0,0,6,5000
09-12-2021,15372342549,73,0,0,0,0,0,0,0,11.9,0,0,0,0,0,584395,3588297,0,0,115408488,78505662,9942322,9412433,708319,467309,199212,15825,234599958.8,139047309.1,59184395.67,52460325.02,3816054.9,2223533.433,57240866.67,108042.4333,56053.2,10,1738869,0,0,0,1116164,0,20.1,17.41,8.02,0,12797,0,0,0,0,0,0,0,0,0,0,0,0,0,0,0,0,0,0,0,0,0,0
09-19-2021,15372342549,66,0,0,0,0,0,0,0,16.9,0,0,0,0,0,563482,2665589,0,0,112003278,108500689,15135788,13907046,649800,467999,277341,24930,193487308.6,149227533.5,76786093.67,57397214.48,3816054.9,2223533.433,57240866.67,108042.4333,56053.2,0,0,0,0,0,1116164,0,33.1,16.13,8.29,0,14373,0,0,0,0,0,0,0,0,0,1,0,0,0,0,0,0,0,0,0,0,0,0
09-26-2021,13399287922,53,0,0,0,0,0,0,0,6.7,0,0,0,0,0,355206,0,0,0,138835888,103646915,13879335,17693831,777897,424977,266289,27525,249855634.6,141332460.6,107257034.9,75757767.64,3703441.371,2158419.651,55551623.66,110744.457,48301.35484,0,0,0,0,0,1116164,0,29.7,19.33,9.83,0,17608,0,0,0,0,0,0,0,0,0,0,0,0,0,0,0,0,0,0,0,0,0,0
10-03-2021,8466651354,58,0,0,0,0,0,0,0,0,0,0,0,0,0,0,0,0,0,90129947,69277276,7076076,10712879,438707,357827,186469,16740,149055090.8,101009617.9,37391922.88,50896269.34,3421907.548,1995635.194,51328516.13,117499.5161,28921.74194,0,0,0,0,0,1116164,0,15.3,26.76,13.05,0,13904,0,0,0,0,0,0,0,0,0,0,1,1,0,0,0,0,0,0,0,0,0,0
10-10-2021,8466651354,51,0,0,0,0,0,0,0,0,0,0,0,0,1,0,0,0,0,69478219,57826532,5931476,4245722,368486,366898,275491,8836,103785768.7,95704540.82,38995656,15092966.03,3421907.548,1995635.194,51328516.13,117499.5161,28921.74194,0,0,0,0,0,1116164,0,32.9,19.09,8.54,0,11056,0,0,0,0,0,0,0,0,0,0,0,0,0,0,0,0,0,0,0,0,0,0
10-17-2021,8466651354,63,0,0,0,0,0,0,0,0,0,0,0,0,5,0,0,0,0,75234168,35484008,5592932,2062171,2048097,369742,197127,4285,145800255,94457029.91,41058610.11,7307733.72,3421907.548,1995635.194,51328516.13,117499.5161,28921.74194,0,0,0,0,0,1116164,0,3.5,25.79,14.11,0,9499,0,0,0,0,0,0,0,0,0,0,0,0,0,0,0,0,0,0,0,0,0,0
10-24-2021,8466651354,52,0,0,0,0,0,0,0,0,0,0,0,0,6,0,0,0,0,51518326,36664726,2106439,0,628907,345086,74152,0,112045747.1,100405670.9,20496367.43,0,3421907.548,1995635.194,51328516.13,117499.5161,28921.74194,0,0,0,0,0,1116164,0,0.3,32,17.96,0,12165,0,0,0,0,0,0,0,0,0,0,0,0,0,0,0,0,0,0,0,0,0,0
10-31-2021,8423368649,55,0,0,0,0,0,0,0,0,0,0,0,0,3,0,0,0,0,125050683,73746943,11591594,12052731,1754073,489840,126496,22409,262158997,149852371.5,89222342.23,65670814.72,3341951.335,2019575.342,50572445.16,152794.8452,89189.67742,3,6622424,0,0,0,1116164,0,0.9,39.59,24.24,0,15069,0,0,0,0,0,0,0,0,0,0,0,0,0,0,0,0,0,0,0,1,0,0
11-07-2021,8416154865,57,0,0,0,0,0,0,0,0,0,0,0,0,5,0,0,0,0,115587198,65117584,13667687,17697106,2174346,490194,162667,41475,267224061.6,137512435.5,67174300.56,96094336.26,3328625.3,2023565.367,50446433.33,158677.4,99234.33333,0,0,0,0,0,1116164,0,30.1,16.97,8.39,0,15332,0,0,0,0,0,0,0,0,0,0,0,0,0,0,0,0,0,0,0,1,0,0
11-14-2021,8416154865,57,0,0,0,0,0,0,0,0,0,0,0,0,6,0,0,0,0,74648294,40629785,12226427,11278224,4466202,340820,267705,19720,194412654.7,99353714.64,66278050.44,62903789.99,3328625.3,2023565.367,50446433.33,158677.4,99234.33333,2,98379,0,0,0,1116164,0,0,58.72,31.56,0,19257,0,0,0,0,0,0,0,0,0,0,0,0,0,0,0,0,0,0,0,1,3.428571429,6857142.857
11-21-2021,8416154865,58,0,0,0,0,0,0,0,0,0,0,0,0,6,0,0,0,0,75981752,48895940,7687456,8941611,1270145,383776,215426,7011,195637334.8,106190928.4,56074405.44,29135453.45,3328625.3,2023565.367,50446433.33,158677.4,99234.33333,0,0,0,0,0,1116164,0,4.3,40.55,21.71,0,24656,0,0,0,0,0,0,0,0,0,0,0,0,0,0,0,0,0,0,0,0,2.571428571,5142857.143
11-28-2021,11342910832,58,0,0,0,0,0,5.8,7663096,0,0,0,0,0,7,0,0,0,0,44316374,40199909,9096658,8474435,285317,293789,240509,5370,91042921.51,85789668.27,58456957.89,40333005.77,2764660.797,1748245.655,42649835.48,147970.9226,58762.54839,1,1750000,0,0,0,1116164,0,24,24.73,14.58,0,30941,0,0,0,0,0,0,0,0,0,0,0,0,0,0,0,0,0,0,0,0,0,0
12-05-2021,13537977806,56,0,0,0,0,0,13.1,15699989,0,0,0,0,0,7,0,0,0,0,59015145,56099427,7873561,4990436,418950,286324,184448,2744,136899923.3,90285951.91,50670223.67,34795869.19,2341687.419,1541755.871,36802387.1,139941.0645,28408.70968,0,0,0,0,0,1116164,0,0.9,40.38,25.99,0,42667,0,0,0,0,0,0,0,0,0,0,0,0,0,0,0,0,0,0,0,0,0,0
12-12-2021,13537977806,82,0,0,0,0,0,5.82,16290836,0,0,0,0,0,8,0,0,0,0,61591683,75240939,2047344,2679278,4677422,371945,92730,4369,195161471.9,106762470.2,15449465.11,29501987.53,2341687.419,1541755.871,36802387.1,139941.0645,28408.70968,0,0,0,0,0,1116164,0,2.3,37.76,22.44,0,48275,0,0,0,0,0,0,0,0,0,0,0,0,0,1,0,0,0,0,0,0,0,0
12-19-2021,13537977806,54,0,0,0,0,0,5.21,4974075,0,0,0,0,0,9,0,0,0,0,44151240,65891122,2324801,2595320,965687,285139,86604,4367,89835525.55,90228028.18,16859962.33,28578624.31,2341687.419,1541755.871,36802387.1,139941.0645,28408.70968,0,0,0,0,0,1116164,0,2.1,43.45,24.66,0,43181,0,0,0,0,0,0,0,0,0,0,0,0,1,1,0,0,0,0,0,0,0,0
12-26-2021,12807998508,50,0,0,0,0,0,4.43,5372004,0,0,0,0,0,7,0,0,0,0,56252231,38841211,2553586,2661998,339200,227423,78400,2836,124146303.2,78628551.64,18321967.33,28424009.19,2172355.387,1424602.903,34264645.16,124359.871,24614.22581,0,0,0,0,0,956712,0,0.8,27.6,16.46,0,33209,0,0,0,0,0,0,0,0,0,0,0,0,0,0,1,0,0,0,0,0,0,0
01-02-2022,8428122717,47,0,0,0,0,0,0.59,0,0,0,0,0,0,7,0,0,0,0,9783642,30696490,521152,0,59246,195558,21613,0,16996864,72728729.64,6790000,0,1156363.194,721685.0968,19038193.55,30872.70968,1847.322581,0,0,0,0,0,0,0,0.3,39.04,25.08,0,25752,0,0,0,0,0,0,0,0,0,0,0,0,0,0,0,0,0,0,0,0,0,0
01-09-2022,8428122717,44,0,0,0,0,0,0,0,0,0,0,0,0,6,0,0,0,0,3813367,20977126,74901,0,25693,162065,2808,0,6631478,55340121.36,969326,0,1156363.194,721685.0968,19038193.55,30872.70968,1847.322581,0,0,0,0,0,0,0,0.4,42.71,29.04,0,26965,0,0,0,0,0,0,0,0,0,0,0,0,0,0,0,0,0,0,0,0,0,0
01-16-2022,8428122717,51,0,0,0,0,0,0,0,0,0,0,0,0,4,0,0,0,0,0,152466,0,0,0,24240,0,0,0,4659624.545,0,0,1156363.194,721685.0968,19038193.55,30872.70968,1847.322581,0,0,0,0,0,0,0,0.8,34.08,21.86,0,38277,0,0,0,0,0,0,0,0,0,0,0,0,0,0,0,0,0,0,0,0,0,0
01-23-2022,8428122717,55,0,0,0,0,0,0,0,0,0,0,0,0,2,0,0,0,0,8982941,1348033,465097,0,53591,90243,9129,0,18479326.36,29525829.82,5514813,0,1156363.194,721685.0968,19038193.55,30872.70968,1847.322581,0,0,0,0,0,0,0,0.7,39.5,27.11,0,84816,0,0,0,0,0,0,0,0,0,0,0,0,0,0,0,0,0,0,0,0,0,0
01-30-2022,10874061659,53,0,0,0,0,0,0,0,0,0,0,0,0,11,0,0,0,0,29459040,2604975,1209179,0,124686,128135,14615,0,43013061.82,39010707,15190000,0,1830866.091,1159045.028,29051091.01,37688.80991,581.3778802,0,0,0,0,0,0,0,1.3,26.44,16.47,0,159854,0,0,1,0,0,0,0,0,0,0,0,0,0,0,0,0,0,0,0,0,0.272727273,1909090.909
02-06-2022,11852437237,137,0,0,0,0,0,0,0,0,0,0,0,0,5,0,0,0,0,6454948,3367314,355395,0,31752,126651,4234,0,16693394,39944574,5077772,0,2100667.25,1333989,33056250,40415.25,75,0,0,0,0,0,0,0,0,41.25,27.66,0,323143,0,0,0,0,0,0,0,0,0,0,0,0,0,0,0,0,0,0,0,0,0.636363636,4454545.455
02-13-2022,11852437237,115,0,0,0,0,0,9.33,50547761,0,0,0.2,0,0,0,0,0,174360000,0,12901942,3796533,6690873,5588111,75674,144991,23043,8490,39444643.74,44837380,55817000.33,51017255.38,2100667.25,1333989,33056250,40415.25,75,2,3319843,0,0,0,0,0,1.2,35.79,24.03,0,563678,0,0,0,0,0,0,0,0,0,0,0,0,0,0,0,0,0,0,0,0,0.636363636,4454545.455
02-20-2022,11852437237,69,0,0,0,0,0,18.68,70600499,0,0,1,0,14.2,4,0,0,107700000,0,5769708,12383206,7488333,10560517,29500,174688,12952,14943,22970786.5,46846027,34673706.11,106919685.8,2100667.25,1333989,33056250,40415.25,75,0,0,0,0,0,0,0,1.4,36.33,22.06,0,973241,0,0,0,0,0,0,0,0,0,0,0,0,0,0,0,0,0,0,0,0,0.454545455,3181818.182
02-27-2022,14984712327,66,0,0,0,0,0,14.71,46920705,2.7,0,0.5,0,24.6,2,0,0,30000000,0,5919252,10307166,27348002,9416366,29316,192533,124112,13089,25449180.11,56409403,92319975.16,96069567.03,1888495.965,1215886.972,29495771.89,30501.56912,62.07373272,3,3633873,0,0,0,0,0,2.1,54.08,23.1,0,1381320,0,0,0,1,0,0,0,0,0,0,0,0,0,0,0,0,0,0,0,0,0,0
03-06-2022,16237622363,92,0,0,0,0,0,3.82,16786656,10.7,0,3.4,0,20.3,1,0,0,0,0,30472101,10952975,15647316,9282350,77622,263460,81742,13785,31916454.04,61217185,96624909.05,104882135.7,1803627.452,1168646.161,28071580.65,26536.09677,56.90322581,0,0,0,0,0,0,0,0.6,53.14,27.78,0,1993543,0,0,0,0,0,0,0,0,0,0,0,0,0,0,0,0,0,0,0,0,3.5,27183333.33
03-13-2022,16237622363,55,0,0,0,0,0,2.36,42250340,9,0,11,0,31.5,1,0,0,0,0,40368442,5623396,14023234,5816534,127282,176543,101447,7228,44275099.1,49550217.2,70087067.23,60590743.65,1803627.452,1168646.161,28071580.65,26536.09677,56.90322581,3,3346995,0,0,0,0,0,45.3,28.41,16.25,0,2832065,0,0,0,0,0,0,0,0,0,0,0,0,0,0,0,0,0,0,0,0,3.5,17616666.67
03-20-2022,16237622363,73,0,0,0,0,0,2.75,14740816,6.9,0,9.9,0,45.3,0,0,0,0,0,51513884,6568745,12291824,6899351,174632,214668,91577,8983,62689034.79,60555114.6,70136859.23,73901962.07,1803627.452,1168646.161,28071580.65,26536.09677,56.90322581,0,967149.2,0,0,0,3819333,0,39.6,35.2,22.87,0,2458844,0,0,0,0,0,0,0,0,0,0,0,0,0,0,0,0,0,0,0,0,0,0
03-27-2022,14972163106,57,0,0,0,0,0,8.6,103353060,6.2,0,12.9,0,36.1,2,0,0,0,0,9166395,5233570,4611016,2174410,76700,158264,64318,2825,34338997.91,46999201.8,40717578.56,22910903.92,1838787.789,1190909.391,28725862.37,31655.48817,55.71182796,0,3868596.8,0,0,0,30868665,0,1.8,28.3,14.05,0,2142323,0,0,0,0,0,0,0,0,0,0,0,0,0,0,0,0,0,0,0,0,0,0
04-03-2022,11808514966,56,0,0,0,0,0,0,0,0.9,0,3.3,0,40.8,4,0,0,0,0,19811475,3182448,1721838,0,148795,157735,51339,0,57492118.55,49826048.8,24285392,0,1926688.633,1246567.467,30361566.67,44453.96667,52.73333333,4,6755596,0,0,0,36379777,0,0.6,40.66,21.25,0,1529396,0,0,0,0,0,0,0,0,0,0,0,0,0,0,0,0,0,1,0,0,0,0
04-10-2022,11808514966,56,0,0,0,0,0,0,0,0,0,0.5,0,47.6,0,0,0,0,194400000,5800375,6765219,3481232,1371545,52044,160199,35931,1946,29252273.99,50025804.2,27144719,13221400.95,1926688.633,1246567.467,30361566.67,44453.96667,52.73333333,20,23620278,0,0,0,54644446,0,12,25.5,12.96,0,1043612,0,0,0,0,0,0,0,0,0,0,0,0,0,0,0,0,0,1,0,0,0,0
04-17-2022,11808514966,65,0,0,0,0,0,0,0,0,0,0.8,0,42.5,0,0,0,0,3375000,1498972,14842885,7979804,6509722,11027,190726,41732,9024,11266168.82,65306196.8,37817622.22,60364674.24,1926688.633,1246567.467,30361566.67,44453.96667,52.73333333,0,0,0,0,0,16377778,0,1,42.08,22.82,0,617771,0,0,0,0,0,0,0,0,0,0,0,0,0,0,0,0,0,1,0,0,0,0
04-24-2022,11808514966,56,0,0,0,0,0,0,0,0.1,0,1.1,0,47.3,0,0,0,0,0,1666252,13386057,6919119,6181079,10776,190584,34867,8248,10894567.27,65127516.2,32561342.89,56370830.56,1926688.633,1246567.467,30361566.67,44453.96667,52.73333333,0,0,0,0,0,0,0,45.6,46.68,16.38,0,407444,0,0,0,0,0,0,0,0,0,0,0,0,0,0,0,0,0,1,0,0,2.4,3900000
05-01-2022,9992933928,62,0,0,0,0,0,0,0,0,0,0,0,18,0,0,0,0,0,8931038,10663034,3682061,2957002,107830,193081,71601,4228,38040156.67,57836046.2,23831057.89,27275684.73,1400962.161,875599.2903,22143032.26,55679.80645,83.32258065,0,0,0,0,0,0,0,0.7,33.86,16.43,0,266579,0,0,0,0,1,0,0,0,0,0,0,0,0,0,0,0,1,1,0,0,1.6,2600000
05-08-2022,9992933928,60,0,0,0,0,0,0,0,0,0,0,0,24.1,0,0,0,0,0,12129893,12854800,4306209,2596590,139750,193213,118988,3876,46149189.67,63835267.6,29323888,22713280.65,1400962.161,875599.2903,22143032.26,55679.80645,83.32258065,2,682332,0,0,0,3333335,0,1.8,27.11,13.24,0,252368,0,0,0,0,0,1,0,0,0,0,0,0,0,0,0,0,0,1,0,0,0,0
05-15-2022,9992933928,80,0,0,0,0,0,0,0,0.4,0,0.1,0,23.3,0,0,0,0,0,6759789,12621942,486471,0,62832,184168,25686,0,21722993.49,54778028.2,6819874,0,1400962.161,875599.2903,22143032.26,55679.80645,83.32258065,3,2416117,0,0,0,4666669,0,0.3,35.21,18.08,0,181854,0,0,0,0,0,0,0,0,0,0,0,0,0,0,0,0,0,1,0,0,5,0
05-22-2022,9992933928,56,0,0,0,0,0,0,0,0.3,0,0.1,0,14.7,0,0,0,0,0,7431278,17430852,747308,0,67966,199098,39336,0,21746155,67379439.4,10981418,0,1400962.161,875599.2903,22143032.26,55679.80645,83.32258065,3,2573400,0,0,0,61705885,0,2.5,34.61,18.57,0,129317,0,0,0,0,0,0,0,0,0,0,0,0,0,0,0,0,0,1,0,0,0,0
